,1st Target,2nd Target,Primary Algorithm,Moves,Alternative Algorithm,Moves
1,UFR,UFL,x' [(L' U L') D2 (L U' L') D2 L2] x,9,,
2,UFR,FLU,x [R2 D2 (R U2 R') D2 (R U2 R)] x',9,,
3,UFR,LUF,F [(R' D' R) U2 (R' D R) U2] F',10,,
4,UFR,UBR,x [(R' U R') D2 (R U' R') D2 R2] x',9,,
5,UFR,BRU,R' [U2 (L' D2 L) U2 (L' D2 L')] R,10,,
6,UFR,RUB,F [R2 (U' L' U) R2 (U' L U)] F',10,,
7,UFR,DFR,[U2 (R' F' R2 F R) U2 (R' F' R2 F R)],12,,
8,UFR,FRD,[(L' D2 L) U2 (L' D2 L) U2],8,,
9,UFR,RDF,[U2 (R' D' R) U2 (R' D R)],8,,
10,UFR,DFL,D [U2 (R' F' R2 F R) U2 (R' F' R2 F R)] D',14,,
11,UFR,LDF,[U2 (R' D R) U2 (R' D' R)],8,,
12,UFR,FLD,y' [(L D' L') U2 (L D L') U2] y,8,,
13,UFR,DBL,z D' [(R' U2 R') D (R U2 R') D' R2] D z',11,,
14,UFR,BLD,[U2 (R' D2 R) U2 (R' D2 R)],8,,
15,UFR,LDB,y [U2 (L D2 L') U2 (L D2 L')] y',8,,
16,UFR,DBR,D' [U2 (R' F' R2 F R) U2 (R' F' R2 F R)] D,14,R D' [(R' U2 R') D (R U2 R') D' R2] D R',13
17,UFR,RDB,[(L' D L) U2 (L' D' L) U2],8,,
18,UFR,BRD,y [U2 (L D' L') U2 (L D L')] y',8,,
19,RUF,UFL,x' [(R U' R') D (R U R') D'] x,8,,
20,RUF,FLU,[r' (U' R U) L (U' R' U)] x,8,,
21,RUF,LUF,F [U2 (R' F' R2 F R) U2 (R' F' R2 F R)] F',14,x z D [R2 D2 (R U2 R') D2 (R U2 R)] D' z' x',11
22,RUF,UBR,y [(R U2 R) D (R' U2 R) D' R2] y',9,,
23,RUF,BRU,[R2 D2 (R U2 R') D2 (R U2 R)],9,,
24,RUF,RUB,[R (U L' U') R' (U L U')],8,,
25,RUF,DFR,x' [(R U' R') D' (R U R') D] x,8,,
26,RUF,FRD,z' [(R U2 R) D' (R' U2 R) D R2] z,9,,
27,RUF,RDF,[R (U' L' U) R (U' L U) R2],9,,
28,RUF,DFL,[L2 (B' R B) L2 (B' R' B)],8,,
29,RUF,LDF,x' [(R U' R') D2 (R U R') D2] x,8,,
30,RUF,FLD,D [R (U' L' U) R (U' L U) R2] D',11,,
31,RUF,DBL,D [L2 (B' R B) L2 (B' R' B)] D',10,,
32,RUF,BLD,[L (B' R B) L' (B' R' B)],8,,
33,RUF,LDB,x' [(L' D2 L) U (L' D2 L) U'] x,8,,
34,RUF,DBR,x' y [(R' D R) U2 (R' D' R) U2] y' x,8,,
35,RUF,RDB,[R (U' L' U) R2 (U' L U) R],9,,
36,RUF,BRD,D' [R (U' L' U) R (U' L U) R2] D,11,,
37,FRU,UFL,[(L' U2 L') D' (L U2 L') D L2],9,,
38,FRU,FLU,[(U' R' U) L (U' R U) L'],8,,
39,FRU,LUF,y' [R2 D (R' U2 R) D' (R' U2 R')] y,9,,
40,FRU,UBR,[(F' r U) R' (U' r' F) R],8,,
41,FRU,BRU,[(R2 F' R2 F R) U2 (R' F' R2 F R) U2 R],13,,
42,FRU,RUB,x' [(R' D' R) U' (R' D R) U] x,8,,
43,FRU,DFR,z' [U' (R' D2 R) U (R' D2 R)] z,8,,
44,FRU,FRD,x' [D (R' U2 R) D' (R' U2 R)] x,8,,
45,FRU,RDF,z x' [L' D2 (L' U L) D2 (L' U' L2)] x z',9,,
46,FRU,DFL,z' [(R U' R') D2 (R U R') D2] z,8,,
47,FRU,LDF,D x' [D (R' U2 R) D' (R' U2 R)] x D',10,,
48,FRU,FLD,z x' [D2 (L' U L) D2 (L' U' L)] x z',8,,
49,FRU,DBL,z' [(R2 U' R') D2 (R U R') D2 R'] z,9,,
50,FRU,BLD,F [(R U2 R') D2 (R U2 R') D2] F',10,x z' [(R U2 R') D (R U2 R') D'] z x',8
51,FRU,LDB,x' [U' (L D' L') U (L D L')] x,8,,
52,FRU,DBR,x' [U2 (L D' L') U2 (L D L')] x,8,,
53,FRU,RDB,F [(R U2 R') D' (R U2 R') D] F',10,D' x' [D (R' U2 R) D' (R' U2 R)] x D,10
54,FRU,BRD,y x' [(L' U L) D2 (L' U' L) D2] x y',8,,
55,UFL,UFR,x' [(L' U L') D2 (L U' L') D2 L2] x,9,,
56,UFL,RUF,x' [D (R U' R') D' (R U R')] x,8,,
57,UFL,FRU,[L2 D' (L U2 L') D (L U2 L)],9,,
58,UFL,UBR,x [(L U' L) D2 (L' U L) D2 L2] x',9,,
59,UFL,BRU,R2 [(L' D2 L) U (L' D2 L) U'] R2,10,,
60,UFL,RUB,x' [(R' D R) U' (R' D' R) U] x,8,,
61,UFL,DFR,x' [(L' U L) D2 (L' U' L) D2] x,8,,
62,UFL,FRD,[(L' D2 L) U (L' D2 L) U'],8,,
63,UFL,RDF,[U' (L D' L') U (L D L')],8,,
64,UFL,DFL,z' x' [(R D2 R) U2 (R' D2 R) U2 R2] x z,9,,
65,UFL,LDF,[U' (L D L') U (L D' L')],8,,
66,UFL,FLD,y' [(L D' L') U (L D L') U'] y,8,,
67,UFL,DBL,z' x' [R2 D2 (R U2 R') D2 (R U2 R)] x z,9,,
68,UFL,BLD,y' [U' (R' D R) U (R' D' R)] y,8,,
69,UFL,LDB,[(L' D' L) U (L' D L) U'],8,,
70,UFL,DBR,z' x' [(R' D2 R) U2 (R' D2 R) U2] x z,8,,
71,UFL,RDB,[(L' D L) U (L' D' L) U'],8,,
72,UFL,BRD,[U' (L D2 L') U (L D2 L')],8,,
73,FLU,UFR,x [(R' U2 R') D2 (R U2 R') D2 R2] x',9,,
74,FLU,RUF,x' [(U' R U) L' (U' R' U) r],8,,
75,FLU,FRU,[L (U' R' U) L' (U' R U)],8,,
76,FLU,UBR,[r (U R' U') r' (F R F')],8,,
77,FLU,BRU,x [(R2 U2 R') D2 (R U2 R') D2 R'] x',9,,
78,FLU,RUB,[U (R U' L') U (R' U L)],8,,
79,FLU,DFR,[(U R2 U') L' (U R2 U') L],8,,
80,FLU,FRD,x' y' [(R U R') D2 (R U' R') D2] y x,8,,
81,FLU,RDF,[L (U' R U) L' (U' R' U)],8,,
82,FLU,DFL,z2 y' [(R' U R') D2 (R U' R') D2 R2] y z2,9,,
83,FLU,LDF,z [R2 D (R' U2 R) D' (R' U2 R')] z',9,,
84,FLU,FLD,x' y' [(R U R') D (R U' R') D'] y x,8,,
85,FLU,DBL,z [(R' U2 R') D' (R U2 R') D R2] z',9,,
86,FLU,BLD,z x [(R' U R') D2 (R U' R') D2 R2] x' z',9,,
87,FLU,LDB,y' [L' (U' R' U) L (U' R U)] y,8,,
88,FLU,DBR,x' y' [U2 (R' D' R) U2 (R' D R)] y x,8,,
89,FLU,RDB,[L (U' R2 U) L' (U' R2 U)],8,,
90,FLU,BRD,[(U R' U') L' (U R U') L],8,,
91,LUF,UFR,F [U2 (R' D' R) U2 (R' D R)] F',10,,
92,LUF,RUF,F [(R' F' R2 F R) U2 (R' F' R2 F R) U2] F',14,x z D [(R' U2 R') D2 (R U2 R') D2 R2] D' z' x',11
93,LUF,FRU,y' [(R U2 R) D (R' U2 R) D' R2] y,9,,
94,LUF,UBR,y [R2 D (R U2 R') D' (R U2 R)] y',9,,
95,LUF,BRU,R' F [U2 (R' D' R) U2 (R' D R)] F' R,12,,
96,LUF,RUB,y' x [(R' U2 R') D2 (R U2 R') D2 R2] x' y,9,,
97,LUF,DFR,F [U2 (R' D R) U2 (R' D' R)] F',10,,
98,LUF,FRD,y x' [(R2 D' R') U2 (R D R') U2 R'] x y',9,,
99,LUF,RDF,x' y' [(R2 U R2 U' R2) D2 (R2 U R2 U' R2) D2] y x,12,,
100,LUF,DFL,y' x R' [(L' D2 L) U (L' D2 L) U'] R x' y,10,,
101,LUF,LDF,y' x [(R' U2 R') D' (R U2 R') D R2] x' y,9,,
102,LUF,FLD,y' x [R' U2 (R' F' R2 F R) U2 (R' F' R2 F R2)] x' y,13,,
103,LUF,DBL,z [R' U2 (R' F' R2 F R) U2 (R' F' R2 F R2)] z',13,,
104,LUF,BLD,z y [R2 D (R' D2 R) D' (R' D2 R')] y' z',9,,
105,LUF,LDB,y' [(R U2 R) D2 (R' U2 R) D2 R2] y,9,,
106,LUF,DBR,y D' [(R' U2 R') D (R U2 R') D' R2] D y',11,,
107,LUF,RDB,y' x [(R' U2 R') D (R U2 R') D' R2] x' y,9,,
108,LUF,BRD,y' [(R U2 R) D' (R' U2 R) D R2] y,9,,
109,UBR,UFR,x [(R' U R') D2 (R U' R') D2 R2] x',9,,
110,UBR,RUF,y [R2 D (R' U2 R) D' (R' U2 R')] y',9,,
111,UBR,FRU,[R' (F' r U) R (U' r' F)],8,,
112,UBR,UFL,x [L2 D2 (L' U' L) D2 (L' U L')] x',9,,
113,UBR,FLU,[(F R' F') r (U R U') r'],8,,
114,UBR,LUF,y [(R' U2 R') D (R U2 R') D' R2] y',9,,
115,UBR,DFR,y x' [(R U R') D2 (R U' R') D2] x y',8,,
116,UBR,FRD,[(L' D2 L) U' (L' D2 L) U],8,,
117,UBR,RDF,y' [(L D2 L') U' (L D2 L') U] y,8,,
118,UBR,DFL,y' x [D2 (L' U' L) D2 (L' U L)] x' y,8,,
119,UBR,LDF,y [U (R' D2 R) U' (R' D2 R)] y',8,,
120,UBR,FLD,[U (R D2 R') U' (R D2 R')],8,,
121,UBR,DBL,z' [(R2 U2 R') D2 (R U2 R') D2 R'] z,9,,
122,UBR,BLD,x' [L (U' R' U) L' (U' R U)] x,8,,
123,UBR,LDB,[(L' D' L) U' (L' D L) U],8,,
124,UBR,DBR,z' [(R' U2 R') D2 (R U2 R') D2 R2] z,8,,
125,UBR,RDB,[(L' D L) U' (L' D' L) U],8,,
126,UBR,BRD,y [U (R' D' R) U' (R' D R)] y',8,,
127,BRU,UFR,R' [(L D2 L) U2 (L' D2 L) U2] R,10,,
128,BRU,RUF,[(R' U2 R') D2 (R U2 R') D2 R2],9,,
129,BRU,FRU,[(R2 F' R2 F R) U2 (R' F' R2 F R) U2 R],13,,
130,BRU,UFL,R2 [U (L' D2 L) U' (L' D2 L)] R2,10,,
131,BRU,FLU,x [R D2 (R U2 R') D2 (R U2 R2)] x',9,,
132,BRU,LUF,R' F [(R' D' R) U2 (R' D R) U2] F' R,12,,
133,BRU,DFR,R2 [U' (L' D2 L) U (L' D2 L)] R2,10,,
134,BRU,FRD,D' [(R' U2 R') D (R U2 R') D' R2] D,11,,
135,BRU,RDF,x [(L2 U L) D2 (L' U' L) D2 L] x',9,,
136,BRU,DFL,y x' [U2 (R' F' R2 F R) U2 (R' F' R2 F R)] x y',12,,
137,BRU,LDF,[(R' U2 R') D (R U2 R') D' R2],9,,
138,BRU,FLD,x' [R U2 (R D' R') U2 (R D R2)] x,9,,
139,BRU,DBL,U2 [(R2 D' R') U2 (R D R') U2 R'] U2,11,,
140,BRU,BLD,[(R' U2 R') D2 (R U2 R') D2 R2],9,,
141,BRU,LDB,x' [L2 D' (L U2 L') D (L U2 L)] x,9,,
142,BRU,DBR,R2 [U2 (L' D2 L) U2 (L' D2 L)] R2,10,,
143,BRU,RDB,R' F [R2 (U' L' U) R2 (U' L U)] F' R,12,,
144,BRU,BRD,x [R D2 (R U R') D2 (R U' R2)] x',9,,
145,RUB,UFR,F [(U' L' U) R2 (U' L U) R2] F',10,,
146,RUB,RUF,[(U L' U') R (U L U') R'],8,,
147,RUB,FRU,x' [(R' D' R) U' (R' D R) U] x,8,,
148,RUB,UFL,x' [U' (R' D R) U (R' D' R)] x,8,,
149,RUB,FLU,[(L' U' R) U' (L U R') U'],8,,
150,RUB,LUF,y' x [R2 D2 (R U2 R') D2 (R U2 R)] x' y,9,,
151,RUB,DFR,x' y' [(R' D2 R) U (R' D2 R) U'] y x,8,,
152,RUB,FRD,x' [(L D2 L') U (L D2 L') U'] x,8,,
153,RUB,RDF,[R2 (U' L' U) R2 (U' L U)],8,,
154,RUB,DFL,[L2 (U R U') L2 (U R' U')],8,,
155,RUB,LDF,x' y' [(R' D R) U (R' D' R) U'] y x,8,,
156,RUB,FLD,x' y [U' (L D2 L') U (L D2 L')] y' x,8,,
157,RUB,DBL,x' y' [R U2 (R D R') U2 (R D' R2)] y x,9,,
158,RUB,BLD,[L (U R U') L' (U R' U')],8,,
159,RUB,LDB,z2 [R2 D2 (R U R') D2 (R U' R)] z2,9,,
160,RUB,DBR,z [R2 D2 (R U R') D2 (R U' R)] z',9,,
161,RUB,RDB,[(U' L' U) R' (U' L U) R],8,,
162,RUB,BRD,D' [R2 (U' L' U) R2 (U' L U)] D,10,,
163,DFR,UFR,[(R' F' R2 F R) U2 (R' F' R2 F R) U2],12,,
164,DFR,RUF,x' [D' (R U' R') D (R U R')] x,8,,
165,DFR,FRU,z' [U' (R' D2 R) U (R' D2 R)] z,8,,
166,DFR,UFL,x' [D2 (L' U L) D2 (L' U' L)] x,8,,
167,DFR,FLU,[L' (U R2 U') L (U R2 U')],8,,
168,DFR,LUF,F [(R' D R) U2 (R' D' R) U2] F',10,,
169,DFR,UBR,y x' [D2 (R U R') D2 (R U' R')] x y',8,,
170,DFR,BRU,R2 [(L' D2 L) U' (L' D2 L) U] R2,10,,
171,DFR,RUB,x' y' [U (R' D2 R) U' (R' D2 R)] y x,8,,
172,DFR,DFL,x [(U' R' U) L2 (U' R U) L2] x',8,,
173,DFR,LDF,z' x' [(R U2 R') D' (R U2 R') D] x z,8,,
174,DFR,FLD,x2 [R2 D (R U2 R') D' (R U2 R)] x2,9,,
175,DFR,DBL,z' U [(R2 U' R') D2 (R U R') D2 R'] U' z,11,,
176,DFR,BLD,[L (U R2 U') L' (U R2 U')],8,,
177,DFR,LDB,x' y' [U' (R' D2 R) U (R' D2 R)] y x,8,,
178,DFR,DBR,x [(R U R') D2 (R U' R') D2] x',8,,
179,DFR,RDB,y' [(R2 U' R') D2 (R U R') D2 R'] y,9,,
180,DFR,BRD,z' [(R' D2 R) U (R' D2 R) U'] z,8,,
181,FRD,UFR,[U2 (L' D2 L) U2 (L' D2 L)],8,,
182,FRD,RUF,z' [R2 D' (R' U2 R) D (R' U2 R')] z,9,,
183,FRD,FRU,x' [(R' U2 R) D (R' U2 R) D'] x,8,,
184,FRD,UFL,[U (L' D2 L) U' (L' D2 L)],8,,
185,FRD,FLU,x' y' [D2 (R U R') D2 (R U' R')] y x,8,,
186,FRD,LUF,y x' [R U2 (R D' R') U2 (R D R2)] x y',9,,
187,FRD,UBR,[U' (L' D2 L) U (L' D2 L)],8,,
188,FRD,BRU,D' [R2 D (R U2 R') D' (R U2 R)] D,11,,
189,FRD,RUB,x' [U (L D2 L') U' (L D2 L')] x,8,,
190,FRD,DFL,z' [(R2 U R2 U' R2) D2 (R2 U R2 U' R2) D2] z,12,,
191,FRD,LDF,[(R U2 R') D (R U2 R') D'],8,,
192,FRD,FLD,x [(R' D2 R) U' (R' D2 R) U] x',8,,
193,FRD,DBL,z [(R' U2 R') D (R U2 R') D' R2] z',9,,
194,FRD,BLD,[(R U2 R') D2 (R U2 R') D2],8,,
195,FRD,LDB,x' [U' (L D2 L') U (L D2 L')] x,8,,
196,FRD,DBR,x' [U2 (L D2 L') U2 (L D2 L')] x,8,,
197,FRD,RDB,[(R U2 R') D' (R U2 R') D],8,,
198,FRD,BRD,y x' [(L2 U L) D2 (L' U' L) D2 L] x y',9,,
199,RDF,UFR,[(R' D' R) U2 (R' D R) U2],8,,
200,RDF,RUF,[R2 (U' L' U) R' (U' L U) R'],9,,
201,RDF,FRU,z x' [(L2 U L) D2 (L' U' L) D2 L] x z',9,,
202,RDF,UFL,[(L D' L') U' (L D L') U],8,,
203,RDF,FLU,[(U' R U) L (U' R' U) L'],8,,
204,RDF,LUF,x' y' [D2 (R2 U R2 U' R2) D2 (R2 U R2 U' R2)] y x,12,,
205,RDF,UBR,y' [U' (L D2 L') U (L D2 L')] y,8,,
206,RDF,BRU,x [L' D2 (L' U L) D2 (L' U' L2)] x',9,,
207,RDF,RUB,[(U' L' U) R2 (U' L U) R2],8,,
208,RDF,DFL,z' [(R U R') D2 (R U' R') D2] z,8,,
209,RDF,LDF,x' [(R2 U' R') D2 (R U R') D2 R'] x,9,,
210,RDF,FLD,y [(L' U2 L) D (L' U2 L) D'] y',8,,
211,RDF,DBL,x' y' [R U2 (R D' R') U2 (R D R2)] y x,9,,
212,RDF,BLD,x' [L (U' R2 U) L' (U' R2 U)] x,8,,
213,RDF,LDB,[D2 (L U L') D2 (L U' L)],8,,
214,RDF,DBR,z' U [R U2 (R D' R') U2 (R D R2)] U' z,9,,
215,RDF,RDB,[R2 (U' L' U) R (U' L U) R],9,,
216,RDF,BRD,[D (R' U R) D' (R' U' R)],8,,
217,DFL,UFR,D [(R' F' R2 F R) U2 (R' F' R2 F R) U2] D',14,,
218,DFL,RUF,[(B' R B) L2 (B' R' B) L2],8,,
219,DFL,FRU,z' [D2 (R U' R') D2 (R U R')] z,8,,
220,DFL,UFL,z' x' [R2 U2 (R' D2 R) U2 (R' D2 R')] x z,9,,
221,DFL,FLU,z2 y' [R2 D2 (R U R') D2 (R U' R)] y z2,9,,
222,DFL,LUF,y' x R' [U (L' D2 L) U' (L' D2 L)] R x' y,10,,
223,DFL,UBR,y' x [(L' U' L) D2 (L' U L) D2] x' y,8,,
224,DFL,BRU,y x' [(R' F' R2 F R) U2 (R' F' R2 F R) U2] x y',12,,
225,DFL,RUB,[(U R U') L2 (U R' U') L2],8,,
226,DFL,DFR,x [L2 (U' R' U) L2 (U' R U)] x',8,,
227,DFL,FRD,z' [D2 (R2 U R2 U' R2) D2 (R2 U R2 U' R2)] z,12,,
228,DFL,RDF,z' [D2 (R U R') D2 (R U' R')] z,8,,
229,DFL,DBL,D x [(U' R' U) L2 (U' R U) L2] x' D',10,,
230,DFL,BLD,y [(R' U R') D2 (R U' R') D2 R2] y',9,,
231,DFL,LDB,z2 y' [R2 D2 (R U2 R') D2 (R U2 R)] y z2,9,,
232,DFL,DBR,z' R' U [R D2 (R U' R') D2 (R U R2)] U' R z,13,,
233,DFL,RDB,x [L2 (U' R U) L2 (U' R' U)] x',8,,
234,DFL,BRD,[(U R' U') L2 (U R U') L2],8,,
235,LDF,UFR,[(R' D R) U2 (R' D' R) U2],8,,
236,LDF,RUF,x' [D2 (R U' R') D2 (R U R')] x,8,,
237,LDF,FRU,D x' [(R' U2 R) D (R' U2 R) D'] x D',10,,
238,LDF,UFL,[(L D L') U' (L D' L') U],8,,
239,LDF,FLU,z [(R U2 R) D (R' U2 R) D' R2] z',9,,
240,LDF,LUF,y' x [R2 D' (R U2 R') D (R U2 R)] x' y,9,,
241,LDF,UBR,y [(R' D2 R) U (R' D2 R) U'] y',8,,
242,LDF,BRU,[R2 D (R U2 R') D' (R U2 R)],9,,
243,LDF,RUB,x' y' [U (R' D R) U' (R' D' R)] y x,8,,
244,LDF,DFR,z' x' [D' (R U2 R') D (R U2 R')] x z,8,,
245,LDF,FRD,[D (R U2 R') D' (R U2 R')],8,,
246,LDF,RDF,x' [R D2 (R U' R') D2 (R U R2)] x,9,,
247,LDF,DBL,D' [(R D2 R) U2 (R' D2 R) U2 R2] D,11,,
248,LDF,BLD,[D (R U2 R') D (R U2 R') D2],9,y' [(R U' R') D (R U R') D'] y,
249,LDF,LDB,x y' [(R U R') D (R U' R') D'] y x',8,,
250,LDF,DBR,x' y' [U2 (R' D R) U2 (R' D' R)] y x,8,[R D (R U2 R') D' (R U2 R2)],9
251,LDF,RDB,[D (R U2 R') D2 (R U2 R') D],9,y' [(R U' R') D2 (R U R') D2] y,8
252,LDF,BRD,F [U' (L D2 L') U (L D2 L')] F',10,,
253,FLD,UFR,y' [U2 (L D' L') U2 (L D L')] y,8,,
254,FLD,RUF,D [R2 (U' L' U) R' (U' L U) R'] D',11,,
255,FLD,FRU,z x' [(L' U L) D2 (L' U' L) D2] x z',8,,
256,FLD,UFL,y' [U (L D' L') U' (L D L')] y,8,,
257,FLD,FLU,x' y' [D (R U R') D' (R U' R')] y x,8,,
258,FLD,LUF,y' x [(R2 F' R2 F R) U2 (R' F' R2 F R) U2 R] x' y,13,,
259,FLD,UBR,[(R D2 R') U (R D2 R') U'],8,,
260,FLD,BRU,x' [(R2 D' R') U2 (R D R') U2 R'] x,9,,
261,FLD,RUB,x' y [(L D2 L') U' (L D2 L') U] y' x,8,,
262,FLD,DFR,x2 [(R' U2 R') D (R U2 R') D' R2] x2,9,,
263,FLD,FRD,x [U' (R' D2 R) U (R' D2 R)] x',8,,
264,FLD,RDF,y [D (L' U2 L) D' (L' U2 L)] y',8,,
265,FLD,DBL,z R2 [U (L' D2 L) U' (L' D2 L)] R2 z',10,,
266,FLD,BLD,F' [(R U2 R') D2 (R U2 R') D2] F,10,,
267,FLD,LDB,[D' (L U L') D (L U' L')],8,,
268,FLD,DBR,x [(R U' R') D2 (R U R') D2] x',8,,
269,FLD,RDB,F' [(R U2 R') D' (R U2 R') D] F,10,,
270,FLD,BRD,[D2 (R' U R) D2 (R' U' R)],8,,
271,DBL,UFR,z D' [R2 D (R U2 R') D' (R U2 R)] D z',11,,
272,DBL,RUF,D [(B' R B) L2 (B' R' B) L2] D',10,,
273,DBL,FRU,z' [R D2 (R U' R') D2 (R U R2)] z,9,,
274,DBL,UFL,z' x' [(R' U2 R') D2 (R U2 R') D2 R2] x z,9,,
275,DBL,FLU,z [R2 D' (R U2 R') D (R U2 R)] z',9,,
276,DBL,LUF,z [(R2 F' R2 F R) U2 (R' F' R2 F R) U2 R] z',13,,
277,DBL,UBR,z' [R D2 (R U2 R') D2 (R U2 R2)] z,9,,
278,DBL,BRU,U2 [R U2 (R D' R') U2 (R D R2)] U2,11,,
279,DBL,RUB,x' y' [(R2 D R') U2 (R D' R') U2 R'] y x,9,,
280,DBL,DFR,z' U [R D2 (R U' R') D2 (R U R2)] U' z,11,,
281,DBL,FRD,z [R2 D (R U2 R') D' (R U2 R)] z',9,,
282,DBL,RDF,x' y' [(R2 D' R') U2 (R D R') U2 R'] y x,9,,
283,DBL,DFL,D x [L2 (U' R' U) L2 (U' R U)] x' D',10,,
284,DBL,LDF,D' [R2 U2 (R' D2 R) U2 (R' D2 R')] D,11,,
285,DBL,FLD,z R2 [(L' D2 L) U (L' D2 L) U'] R2 z',10,,
286,DBL,DBR,z x [R2 D2 (R U2 R') D2 (R U2 R)] x' z',9,D2 x [(U' R' U) L2 (U' R U) L2] x' D2,10
287,DBL,RDB,D' R [U2 (L' D2 L) U2 (L' D2 L)] R' D,12,,
288,DBL,BRD,z' x' [R' U2 (R' F' R2 F R) U2 (R' F' R2 F R2)] x z,13,,
289,BLD,UFR,[(R' D2 R) U2 (R' D2 R) U2],8,,
290,BLD,RUF,[(B' R B) L (B' R' B) L'],8,,
291,BLD,FRU,F [D2 (R U2 R') D2 (R U2 R')] F',10,x z' [D (R U2 R') D' (R U2 R')] z x',8
292,BLD,UFL,y' [(R' D R) U' (R' D' R) U],8,,
293,BLD,FLU,z x [R2 D2 (R U R') D2 (R U' R)] x' z',9,,
294,BLD,LUF,z y [(R D2 R) D (R' D2 R) D' R2] y' z',9,,
295,BLD,UBR,x' [(U' R' U) L (U' R U) L'] x,8,,
296,BLD,BRU,[R2 D2 (R U2 R') D2 (R U2 R)],9,,
297,BLD,RUB,[(U R U') L (U R' U') L'],8,,
298,BLD,DFR,[(U R2 U') L (U R2 U') L'],8,,
299,BLD,FRD,[D2 (R U2 R') D2 (R U2 R')],8,,
300,BLD,RDF,x' [(U' R2 U) L (U' R2 U) L'] x,8,,
301,BLD,DFL,y [R2 D2 (R U R') D2 (R U' R)] y',9,,
302,BLD,LDF,[D2 (R U2 R') D' (R U2 R') D'],9,,
303,BLD,FLD,F' [D2 (R U2 R') D2 (R U2 R')] F,10,,
304,BLD,DBR,[R D2 (R D2 R) U2 (R' D2 R) U2 R2],9,,
305,BLD,RDB,[D2 (R U2 R') D (R U2 R') D],9,,
306,BLD,BRD,[(U R' U') L (U R U') L'],8,,
307,LDB,UFR,y [(L D2 L') U2 (L D2 L') U2] y',8,,
308,LDB,RUF,x' [U (L' D2 L) U' (L' D2 L)] x,8,,
309,LDB,FRU,x' [(L D' L') U' (L D L') U] x,8,,
310,LDB,UFL,[U (L' D' L) U' (L' D L)],8,,
311,LDB,FLU,y' [(U' R' U) L' (U' R U) L] y,8,,
312,LDB,LUF,y' [R2 D2 (R' U2 R) D2 (R' U2 R')] y,9,,
313,LDB,UBR,[U' (L' D' L) U (L' D L)],8,,
314,LDB,BRU,x' [(L' U2 L') D' (L U2 L') D L2] x,9,,
315,LDB,RUB,z2 [(R' U R') D2 (R U' R') D2 R2] z2,9,,
316,LDB,DFR,x' y' [(R' D2 R) U' (R' D2 R) U] y x,8,,
317,LDB,FRD,x' [(L D2 L') U' (L D2 L') U] x,8,,
318,LDB,RDF,[(L' U L') D2 (L U' L') D2],8,,
319,LDB,DFL,z2 y' [(R' U2 R') D2 (R U2 R') D2 R2] y z2,9,,
320,LDB,LDF,x y' [D (R U R') D' (R U' R')] y x',8,,
321,LDB,FLD,[(L U L') D' (L U' L') D],8,,
322,LDB,DBR,z' [(R' U R') D2 (R U' R') D2 R2] z,9,,
323,LDB,RDB,R [(L U L') D2 (L U' L') D2] R',10,z2 x' [R2 D (R' U2 R) D' (R' U2 R')] x z2,9
324,LDB,BRD,[D' (R' U R) D (R' U' R)],8,[(L U L') D (L U' L') D'],8
325,DBR,UFR,D' [(R' F' R2 F R) U2 (R' F' R2 F R) U2] D,14,R D' [R2 D (R U2 R') D' (R U2 R)] D R',13
326,DBR,RUF,x' y [U2 (R' D R) U2 (R' D' R)] y' x,8,,
327,DBR,FRU,x' [(L D' L') U2 (L D L') U2] x,8,,
328,DBR,UFL,z' x' [U2 (R' D2 R) U2 (R' D2 R)] x z,8,,
329,DBR,FLU,x' y' [(R' D' R) U2 (R' D R) U2] y x,8,,
330,DBR,LUF,y D' [R2 D (R U2 R') D' (R U2 R)] D y',11,,
331,DBR,UBR,z' [R2 D2 (R U2 R') D2 (R U2 R)] z,8,,
332,DBR,BRU,R2 [(L' D2 L) U2 (L' D2 L) U2] R2,10,,
333,DBR,RUB,z [(R' U R') D2 (R U' R') D2 R2] z',9,,
334,DBR,DFR,x [D2 (R U R') D2 (R U' R')] x',8,,
335,DBR,FRD,x' [(L D2 L') U2 (L D2 L') U2] x,8,,
336,DBR,RDF,z' U [(R2 D' R') U2 (R D R') U2 R'] U' z,9,,
337,DBR,DFL,z' R' U [(R2 U' R') D2 (R U R') D2 R'] U' R z,13,,
338,DBR,LDF,x' y' [(R' D R) U2 (R' D' R) U2] y x,8,,
339,DBR,FLD,x [D2 (R U' R') D2 (R U R')] x',8,,
340,DBR,DBL,z x [(R' U2 R') D2 (R U2 R') D2 R2] x' z',9,D2 x [L2 (U' R' U) L2 (U' R U)] x' D2,10
341,DBR,BLD,[R2 U2 (R' D2 R) U2 (R' D2 R') D2 R'],9,,
342,DBR,LDB,z' [R2 D2 (R U R') D2 (R U' R)] z,9,,
343,RDB,UFR,[U2 (L' D L) U2 (L' D' L)],8,,
344,RDB,RUF,[R' (U' L' U) R2 (U' L U) R'],9,,
345,RDB,FRU,F [D' (R U2 R') D (R U2 R')] F',10,D' x' [(R' U2 R) D (R' U2 R) D'] x D,10
346,RDB,UFL,[U (L' D L) U' (L' D' L)],8,,
347,RDB,FLU,[(U' R2 U) L (U' R2 U) L'],8,,
348,RDB,LUF,y' x [R2 D (R U2 R') D' (R U2 R)] x' y,9,,
349,RDB,UBR,[U' (L' D L) U (L' D' L)],8,,
350,RDB,BRU,R' F [(U' L' U) R2 (U' L U) R2] F' R,12,,
351,RDB,RUB,[(U' L' U) R' (U' L U) R],8,,
352,RDB,DFR,y' [R D2 (R U' R') D2 (R U R2)] y,9,,
353,RDB,FRD,[D' (R U2 R') D (R U2 R')],8,,
354,RDB,RDF,[R' (U' L' U) R' (U' L U) R2],9,,
355,RDB,DFL,x [(U' R U) L2 (U' R' U) L2] x',8,,
356,RDB,LDF,[D' (R U2 R') D2 (R U2 R') D'],9,,
357,RDB,FLD,F' [D' (R U2 R') D (R U2 R')] F,10,,
358,RDB,DBL,D' R [(L' D2 L) U2 (L' D2 L) U2] R' D,12,,
359,RDB,BLD,[D' (R U2 R') D' (R U2 R') D2],9,,
360,RDB,LDB,R [D2 (L U L') D2 (L U' L')] R',10,z2 x' [(R U2 R) D (R' U2 R) D' R2] x z2,9
361,BRD,UFR,y [(L D' L') U2 (L D L') U2] y',8,,
362,BRD,RUF,D' [R2 (U' L' U) R' (U' L U) R'] D,11,,
363,BRD,FRU,y x' [D2 (L' U L) D2 (L' U' L)] x y',8,,
364,BRD,UFL,[(L D2 L') U' (L D2 L') U],8,,
365,BRD,FLU,[L' (U R' U') L (U R U')],8,,
366,BRD,LUF,y' [R2 D' (R' U2 R) D (R' U2 R')] y,9,,
367,BRD,UBR,y [(R' D' R) U (R' D R) U'] y',8,,
368,BRD,BRU,x [(R2 U R') D2 (R U' R') D2 R'] x',8,,
369,BRD,RUB,D' [(U' L' U) R2 (U' L U) R2] D,10,,
370,BRD,DFR,z' [U (R' D2 R) U' (R' D2 R)] z,8,,
371,BRD,FRD,y x' [L' D2 (L' U L) D2 (L' U' L2)] x y',9,,
372,BRD,RDF,[(R' U R) D (R' U' R) D'],8,,
373,BRD,DFL,[L2 (U R' U') L2 (U R U')],8,,
374,BRD,LDF,F [U' (L D2 L') U (L D2 L')] F',10,,
375,BRD,FLD,[(R' U R) D2 (R' U' R) D2],8,,
376,BRD,DBL,z' x' [(R2 F' R2 F R) U2 (R' F' R2 F R) U2 R] x z,13,,
377,BRD,BLD,[L (U R' U') L' (U R U')],8,,
378,BRD,LDB,[(R' U R) D' (R' U' R) D],8,[D (L U L') D' (L U' L')],8